run_name	feature	max_err	mae	mse	rmse	r2	err_std
eval-xlm-geco2meco-english2Turkish-scaled	scaled_fpd	45.284576	8.432367	127.48567	11.290955318177037	0.3560769156434378	7.5087194
eval-xlm-geco2meco-english2Turkish-scaled	scaled_fxc	47.0767	6.37739	79.45544	8.913777914360608	0.48310679980561366	6.2277064
eval-xlm-geco2meco-english2Turkish-scaled	scaled_tfd	43.017544	6.709542	81.53987	9.029943035026317	0.46326362132853804	6.0433373
eval-xlm-geco2meco-english2Turkish-scaled	scaled_rd	44.30313	8.094242	126.00468	11.22518048045766	-0.12032681307151183	7.777399
