run_name	feature	max_err	mae	mse	rmse	r2	err_std
eval-xlm-geco2meco-english2Hebrew-scaled	scaled_fpd	30.78687	6.577277	73.45217	8.570424220870493	0.3897489507416616	5.494688
eval-xlm-geco2meco-english2Hebrew-scaled	scaled_fxc	14.282055	5.3944902	40.448185	6.359888754297595	0.584557535495223	3.36863
eval-xlm-geco2meco-english2Hebrew-scaled	scaled_tfd	14.833389	5.7298536	44.591988	6.677723235494511	0.5680486699212854	3.4293969
eval-xlm-geco2meco-english2Hebrew-scaled	scaled_rd	49.10101	7.9520006	104.89129	10.241644826751426	0.04151714467759915	6.454221
