run_name	feature	max_err	mae	mse	rmse	r2	err_std
eval-xlm-geco2meco-english2English-scaled	scaled_fpd	35.356155	9.398282	123.19483	11.099316728886716	-0.17726008215200761	5.904839
eval-xlm-geco2meco-english2English-scaled	scaled_fxc	15.984068	8.330551	81.294914	9.016369238535292	0.08209021299951791	3.4491804
eval-xlm-geco2meco-english2English-scaled	scaled_tfd	16.780474	8.189914	82.22861	9.067999072437887	0.07619025698726345	3.8928015
eval-xlm-geco2meco-english2English-scaled	scaled_rd	46.75614	9.135796	125.14616	11.186874286905844	-0.4910735886942619	6.456268
