run_name	feature	max_err	mae	mse	rmse	r2	err_std
eval-xlm-geco2meco-english2Dutch-scaled	scaled_fpd	40.231842	8.196141	115.39229	10.742080255146478	0.4677171468392054	6.943742
eval-xlm-geco2meco-english2Dutch-scaled	scaled_fxc	36.350067	5.951927	59.546978	7.716668840686775	0.5536252107368458	4.911369
eval-xlm-geco2meco-english2Dutch-scaled	scaled_tfd	40.115257	6.648765	74.5708	8.635438655983261	0.520965050801085	5.5104194
eval-xlm-geco2meco-english2Dutch-scaled	scaled_rd	77.3004	7.8481317	136.99489	11.704481547922747	-0.07875685345882877	8.683416
