run_name	feature	max_err	mae	mse	rmse	r2	err_std
eval-xlm-geco2meco-english2Norwegian-scaled	scaled_fpd	42.021442	7.9677486	118.86789	10.902655153874072	0.48514044625324815	7.4419675
eval-xlm-geco2meco-english2Norwegian-scaled	scaled_fxc	29.8224	4.8514667	39.628105	6.2950857947747005	0.6192409468290583	4.0114055
eval-xlm-geco2meco-english2Norwegian-scaled	scaled_tfd	32.0615	5.2985983	49.269745	7.019241046797501	0.6041899864874327	4.6037593
eval-xlm-geco2meco-english2Norwegian-scaled	scaled_rd	22.182222	5.110885	39.14308	6.25644321200465	-0.024593528758668937	3.6085916
