run_name	feature	max_err	mae	mse	rmse	r2	err_std
eval-xlm-geco2meco-english2Russian-scaled	scaled_fpd	19.315704	6.076728	52.82547	7.268113233205928	0.44885728087071	3.9873362
eval-xlm-geco2meco-english2Russian-scaled	scaled_fxc	14.139885	4.7030883	30.978426	5.565826621411618	0.5412654931525898	2.9764717
eval-xlm-geco2meco-english2Russian-scaled	scaled_tfd	18.226173	4.903216	34.544113	5.877424024109515	0.530851474690015	3.24077
eval-xlm-geco2meco-english2Russian-scaled	scaled_rd	27.370178	4.7696505	42.37171	6.509355707822167	-0.029648955387575615	4.4296894
