run_name	feature	max_err	mae	mse	rmse	r2	err_std
eval-xlm-geco2meco-english2Finnish-scaled	scaled_fpd	30.657082	6.4155073	71.19595	8.437769454609471	0.5182247688515824	5.480622
eval-xlm-geco2meco-english2Finnish-scaled	scaled_fxc	15.490112	4.6622744	31.239918	5.589268087605653	0.5927720170841666	3.082713
eval-xlm-geco2meco-english2Finnish-scaled	scaled_tfd	17.81248	4.920909	35.17362	5.930735057027113	0.5826462602158251	3.3103278
eval-xlm-geco2meco-english2Finnish-scaled	scaled_rd	16.219803	3.8345697	25.48548	5.048314506333614	-0.09048052632933778	3.283528
