run_name	feature	max_err	mae	mse	rmse	r2	err_std
eval-xlm-geco2meco-english2Greek-scaled	scaled_fpd	39.389553	11.824919	208.61975	14.443675120154236	0.1436188640640681	8.294038
eval-xlm-geco2meco-english2Greek-scaled	scaled_fxc	17.716007	7.7616353	80.16923	8.953727022871407	0.33603878259040565	4.4638805
eval-xlm-geco2meco-english2Greek-scaled	scaled_tfd	18.639606	7.7592587	78.02715	8.833297969339466	0.4030773797190298	4.2215
eval-xlm-geco2meco-english2Greek-scaled	scaled_rd	29.810036	5.888558	55.218292	7.430901172558287	-0.08704163165983081	4.532459
