run_name	feature	max_err	mae	mse	rmse	r2	err_std
eval-xlm-geco2meco-english2Korean-scaled	scaled_fpd	22.211655	8.034202	88.355446	9.399757755485851	0.18220506440870565	4.8792477
eval-xlm-geco2meco-english2Korean-scaled	scaled_fxc	13.09639	6.1128693	47.17934	6.868721887116178	0.41033727971200573	3.132439
eval-xlm-geco2meco-english2Korean-scaled	scaled_tfd	13.244104	6.2899313	51.08274	7.147219094423467	0.3332307290601719	3.39404
eval-xlm-geco2meco-english2Korean-scaled	scaled_rd	28.605003	7.886893	89.87793	9.480397127098632	-0.271000890152195	5.260689
