run_name	feature	max_err	mae	mse	rmse	r2	err_std
eval-xlm-geco2meco-english2German-scaled	scaled_fpd	46.82614	7.289818	103.60312	10.178561730248747	0.4852242593337711	7.103638
eval-xlm-geco2meco-english2German-scaled	scaled_fxc	26.1609	5.5383368	48.181366	6.941279850776575	0.6169588443517025	4.184279
eval-xlm-geco2meco-english2German-scaled	scaled_tfd	26.380707	5.7055387	51.373978	7.167564276735355	0.5953931755238016	4.338295
eval-xlm-geco2meco-english2German-scaled	scaled_rd	25.75695	6.4634027	68.509834	8.277066768460358	-0.05125649022236112	5.1705194
