run_name	feature	max_err	mae	mse	rmse	r2	err_std
eval-xlm-geco2meco-english2Spanish-scaled	scaled_fpd	38.228546	10.531417	177.83655	13.335537028989965	0.3647511452474843	8.180819
eval-xlm-geco2meco-english2Spanish-scaled	scaled_fxc	36.4008	9.941316	134.79929	11.610309465671959	0.5505339963941538	5.9974613
eval-xlm-geco2meco-english2Spanish-scaled	scaled_tfd	37.800125	10.009309	141.6034	11.899722415026643	0.5329404661933157	6.435615
eval-xlm-geco2meco-english2Spanish-scaled	scaled_rd	78.418915	17.162779	450.5785	21.226834224889437	-0.2682938423528085	12.490695
